City_ID,City,Lat,Lng,Max Temp,Humidity,Cloudiness,Wind Speed,Country,Date
0,Urusha,54.05,122.9,-11.65,75,100,8.86,RU,2022-11-29 06:36:08
1,Kishapu,-3.6167,33.8667,78.85,48,27,7.85,TZ,2022-11-29 06:36:08
2,Fairbanks,64.8378,-147.7164,-7.64,71,0,8.05,US,2022-11-29 06:32:24
3,Hilo,19.7297,-155.09,75.25,100,0,5.01,US,2022-11-29 06:34:49
4,Hermanus,-34.4187,19.2345,76.1,52,97,4.9,ZA,2022-11-29 06:36:09
5,Punta Arenas,-53.15,-70.9167,42.91,70,0,26.46,CL,2022-11-29 06:31:30
6,Cabo San Lucas,22.8909,-109.9124,70.52,70,3,1.99,MX,2022-11-29 06:37:09
7,Asau,46.4333,26.4,29.32,77,61,1.36,RO,2022-11-29 06:38:10
8,Wattegama,6.7989,81.4808,87.3,54,100,7.76,LK,2022-11-29 06:38:10
9,Sorland,67.667,12.6934,44.46,71,100,11.79,NO,2022-11-29 06:38:11
10,Redmond,47.674,-122.1215,36.86,81,50,0.43,US,2022-11-29 06:36:43
11,Ponta Do Sol,32.6667,-17.1,66.83,73,23,3.8,PT,2022-11-29 06:39:12
12,Rikitea,-23.1203,-134.9692,73.0,71,7,10.83,PF,2022-11-29 06:40:12
13,Baghdad,33.3406,44.4009,64.31,63,75,4.61,IQ,2022-11-29 06:35:49
14,Upernavik,72.7868,-56.1549,2.7,97,97,17.47,GL,2022-11-29 06:40:13
15,Yellowknife,62.456,-114.3525,-19.44,76,40,6.91,CA,2022-11-29 06:40:14
16,Usinsk,65.9939,57.5281,5.45,97,99,8.5,RU,2022-11-29 06:41:14
17,Butaritari,3.0707,172.7902,81.32,75,20,9.66,KI,2022-11-29 06:41:14
18,Vaini,-21.2,-175.2,80.76,78,20,9.22,TO,2022-11-29 06:42:15
19,Narsaq,60.9167,-46.05,32.22,98,100,3.94,GL,2022-11-29 06:42:15
20,Victoria,22.2855,114.1577,86.05,84,0,6.06,HK,2022-11-29 06:38:35
21,Grand Haven,43.0631,-86.2284,41.56,77,75,6.91,US,2022-11-29 06:43:16
22,Nicoya,10.1483,-85.452,72.75,93,99,2.57,CR,2022-11-29 06:43:16
23,Bluff,-46.6,168.3333,59.81,90,100,11.14,NZ,2022-11-29 06:43:17
24,Cape Town,-33.9258,18.4232,77.88,56,0,14.97,ZA,2022-11-29 06:44:00
25,Talara,-4.5772,-81.2719,66.52,83,95,10.63,PE,2022-11-29 06:44:18
26,Les Cayes,18.2,-73.75,73.35,85,6,3.76,HT,2022-11-29 06:44:18
27,Acajutla,13.5928,-89.8275,76.71,83,90,4.36,SV,2022-11-29 06:44:18
28,New Norfolk,-42.7826,147.0587,64.92,43,4,4.0,AU,2022-11-29 06:44:19
29,Jijiga,9.35,42.8,71.92,20,13,13.85,ET,2022-11-29 06:42:21
30,Leningradskiy,69.3833,178.4167,13.14,87,100,6.91,RU,2022-11-29 06:45:19
31,Busselton,-33.65,115.3333,82.94,33,0,5.5,AU,2022-11-29 06:45:20
32,Zernograd,46.8452,40.3083,32.67,38,51,19.39,RU,2022-11-29 06:46:20
33,Kutum,14.2,24.6667,75.34,19,13,5.01,SD,2022-11-29 06:46:21
34,Roma,43.2128,-75.4557,34.83,90,100,0.0,US,2022-11-29 06:44:29
35,Georgetown,5.4112,100.3354,87.75,73,20,9.22,MY,2022-11-29 06:46:21
36,Qaanaaq,77.484,-69.3632,-12.84,91,95,6.35,GL,2022-11-29 06:47:24
37,Albany,42.6001,-73.9662,34.66,84,4,4.47,US,2022-11-29 06:45:08
38,Puerto Ayora,-0.7393,-90.3518,70.56,90,57,5.01,EC,2022-11-29 06:48:24
39,Mataura,-46.1927,168.8643,59.49,84,100,1.3,NZ,2022-11-29 06:48:25
40,Chlorakas,34.8042,32.4083,70.68,46,20,13.8,CY,2022-11-29 06:48:25
41,Marfino,55.7028,37.3822,23.16,85,100,11.18,RU,2022-11-29 06:48:26
42,Jamestown,42.097,-79.2353,36.99,87,100,1.99,US,2022-11-29 06:49:26
43,Torbay,47.6666,-52.7314,38.75,94,75,34.52,CA,2022-11-29 06:50:27
44,Irbil,36.1926,44.0106,55.22,76,75,3.44,IQ,2022-11-29 06:50:27
45,Port Elizabeth,-33.918,25.5701,83.1,72,0,12.66,ZA,2022-11-29 06:50:28
46,Rurrenabaque,-14.4413,-67.5278,73.6,66,29,1.07,BO,2022-11-29 06:50:28
47,Natal,-5.795,-35.2094,77.22,78,20,3.44,BR,2022-11-29 06:50:28
48,Erenhot,43.6475,111.9767,-1.91,48,27,22.55,CN,2022-11-29 06:51:29
49,Gossaigaon,26.4481,89.989,80.15,36,0,8.52,IN,2022-11-29 06:52:30
50,Makakilo City,21.3469,-158.0858,71.92,83,100,3.44,US,2022-11-29 06:52:30
51,Nabire,-3.3667,135.4833,83.03,79,100,4.18,ID,2022-11-29 06:53:31
52,Attock,33.7695,72.3611,68.4,26,3,4.05,PK,2022-11-29 06:53:31
53,Thompson,55.7435,-97.8558,15.96,79,100,24.16,CA,2022-11-29 06:53:31
54,Caravelas,-17.7125,-39.2481,73.35,93,100,7.7,BR,2022-11-29 06:53:32
55,Broome,42.2506,-75.833,34.66,85,100,6.91,US,2022-11-29 06:54:32
56,Saskylakh,71.9167,114.0833,0.0,97,100,9.04,RU,2022-11-29 06:54:33
57,Imbituba,-28.24,-48.6703,71.85,91,94,7.63,BR,2022-11-29 06:54:33
58,Newark,40.7357,-74.1724,41.2,74,0,8.01,US,2022-11-29 06:52:24
59,Sao Gabriel Da Cachoeira,-0.1303,-67.0892,71.62,99,100,2.28,BR,2022-11-29 06:56:34
60,Longyearbyen,78.2186,15.6401,37.24,87,75,10.36,SJ,2022-11-29 06:56:35
61,Harper,4.375,-7.7169,76.48,87,12,3.74,LR,2022-11-29 06:56:35
62,Bathsheba,13.2167,-59.5167,77.61,88,40,11.5,BB,2022-11-29 06:57:35
63,Khatanga,71.9667,102.5,1.49,95,100,12.86,RU,2022-11-29 06:57:03
64,Luzhou,28.8724,105.4405,62.42,61,93,6.53,CN,2022-11-29 06:58:36
65,Bredasdorp,-34.5322,20.0403,80.28,44,81,1.32,ZA,2022-11-29 06:59:37
66,Atuona,-9.8,-139.0333,77.77,73,4,11.83,PF,2022-11-29 06:55:58
67,Saldanha,-33.0117,17.9442,65.19,80,49,15.95,ZA,2022-11-29 07:00:37
68,Port Hueneme,34.1478,-119.1951,54.21,91,0,0.0,US,2022-11-29 07:01:40
69,Cayenne,4.9333,-52.3333,75.24,94,75,4.61,GF,2022-11-29 07:01:40
70,Chokurdakh,70.6333,147.9167,-18.24,97,100,8.9,RU,2022-11-29 07:01:41
71,Bethel,41.3712,-73.414,36.93,80,5,3.51,US,2022-11-29 07:01:41
72,Mecca,21.4267,39.8261,81.23,57,45,7.0,SA,2022-11-29 06:58:31
73,Puerto Escondido,15.85,-97.0667,77.25,82,100,4.32,MX,2022-11-29 07:02:42
74,Mehamn,71.0357,27.8492,35.55,80,100,12.66,NO,2022-11-29 07:03:42
75,Tasiilaq,65.6145,-37.6368,30.36,95,100,12.41,GL,2022-11-29 07:03:43
76,Barrow,71.2906,-156.7887,-5.78,77,100,13.8,US,2022-11-29 07:03:43
77,Longido,-2.7333,36.6833,73.65,59,60,12.39,TZ,2022-11-29 07:03:44
78,Paita,-5.0892,-81.1144,65.57,84,51,7.11,PE,2022-11-29 07:03:44
79,Iqaluit,63.7506,-68.5145,-13.18,88,100,20.45,CA,2022-11-29 07:03:44
80,Presidencia Roque Saenz Pena,-26.7852,-60.4388,68.7,79,0,5.12,AR,2022-11-29 07:04:45
81,Tuatapere,-46.1333,167.6833,55.02,95,100,1.68,NZ,2022-11-29 07:04:45
82,Gornopravdinsk,60.05,69.9,2.66,85,100,5.44,RU,2022-11-29 07:04:46
83,Gat,31.61,34.7642,66.4,100,100,6.46,IL,2022-11-29 07:02:54
84,Poquoson,37.1224,-76.3458,50.05,70,0,1.01,US,2022-11-29 07:04:46
85,Dikson,73.5069,80.5464,-4.22,100,94,5.26,RU,2022-11-29 07:06:47
86,Airai,-8.9266,125.4092,68.13,83,100,3.06,TL,2022-11-29 07:06:47
87,Talnakh,69.4865,88.3972,-7.96,99,100,7.47,RU,2022-11-29 07:07:48
88,Leh,34.1667,77.5833,25.29,37,92,1.66,IN,2022-11-29 07:06:12
89,Nanchong,30.7951,106.0847,55.96,64,100,12.64,CN,2022-11-29 07:08:49
90,Riyadh,24.6877,46.7219,75.34,29,100,8.1,SA,2022-11-29 07:05:38
91,Ipora,-16.4419,-51.1178,66.34,91,4,1.59,BR,2022-11-29 07:08:49
92,Tyret Pervaya,53.6703,102.3106,4.59,88,100,18.25,RU,2022-11-29 07:08:50
93,Padang,-0.9492,100.3543,82.45,75,100,5.23,ID,2022-11-29 07:08:50
94,Umm Lajj,25.0213,37.2685,75.61,77,83,7.34,SA,2022-11-29 07:08:50
95,Avarua,-21.2078,-159.775,77.05,78,75,9.22,CK,2022-11-29 07:08:51
96,Tucupita,9.0622,-62.051,71.65,99,99,2.73,VE,2022-11-29 07:08:51
97,Bataipora,-22.2953,-53.2711,65.66,93,11,4.61,BR,2022-11-29 07:09:52
98,Verkhoyansk,67.5447,133.385,-43.4,100,98,1.05,RU,2022-11-29 07:09:52
99,Walvis Bay,-22.9575,14.5053,65.08,73,100,2.08,NA,2022-11-29 07:09:52
100,Manavalakurichi,8.1333,77.3,84.25,68,97,3.74,IN,2022-11-29 07:09:53
101,Udachnyy,66.4167,112.4,-28.71,100,100,3.44,RU,2022-11-29 07:09:53
102,Isla Mujeres,21.2311,-86.731,78.85,75,6,11.74,MX,2022-11-29 07:09:53
103,Kahului,20.8947,-156.47,76.84,94,75,9.22,US,2022-11-29 07:10:54
104,Aksu,41.1231,80.2644,23.86,17,100,5.03,CN,2022-11-29 07:10:54
105,Bubaque,11.2833,-15.8333,80.35,55,1,4.72,GW,2022-11-29 07:10:57
106,Saint George,37.1041,-113.5841,36.19,55,0,3.44,US,2022-11-29 07:10:57
107,Tocache,-8.1842,-76.5125,70.48,79,82,0.02,PE,2022-11-29 07:11:58
108,Coihaique,-45.5752,-72.0662,55.35,50,20,13.8,CL,2022-11-29 07:09:24
109,Vardo,70.3705,31.1107,31.98,80,20,20.71,NO,2022-11-29 07:12:59
110,Mar Del Plata,-38.0023,-57.5575,68.09,96,0,8.99,AR,2022-11-29 07:13:59
111,Novaya Ladoga,60.1025,32.3019,24.28,92,99,7.09,RU,2022-11-29 07:14:00
112,Najran,17.4924,44.1277,70.32,26,0,10.8,SA,2022-11-29 07:15:00
113,Inirida,3.8653,-67.9239,71.71,100,100,1.81,CO,2022-11-29 07:15:00
114,Lufilufi,-13.8745,-171.5986,78.58,76,100,14.9,WS,2022-11-29 07:15:01
115,Awbari,26.5921,12.7805,60.08,56,100,7.11,LY,2022-11-29 07:16:01
116,Peleduy,59.6289,112.7406,-11.96,96,100,4.0,RU,2022-11-29 07:16:02
117,Baykit,61.67,96.37,-1.35,94,100,4.43,RU,2022-11-29 07:17:02
118,Lompoc,34.6391,-120.4579,52.79,88,0,17.27,US,2022-11-29 07:12:44
119,Ambon,-3.6954,128.1814,87.94,62,40,9.22,ID,2022-11-29 07:17:03
120,Tuktoyaktuk,69.4541,-133.0374,-11.2,93,100,12.84,CA,2022-11-29 07:17:03
121,Chettipalaiyam,10.9,77.0667,78.75,78,75,4.61,IN,2022-11-29 07:18:04
122,Kumluca,36.3703,30.2869,61.02,76,100,2.84,TR,2022-11-29 07:18:04
123,Harer,9.3094,42.1258,70.97,21,2,5.55,ET,2022-11-29 07:18:05
124,Guerrero,17.6667,-100.0,63.61,88,80,4.36,MX,2022-11-29 07:18:05
125,Senneterre,48.3835,-77.2328,16.68,97,100,2.06,CA,2022-11-29 07:19:05
126,Grand Gaube,-20.0064,57.6608,82.8,63,98,11.01,MU,2022-11-29 07:19:06
127,Taoudenni,22.6783,-3.9836,58.95,32,0,12.95,ML,2022-11-29 07:19:06
128,San Jeronimo,-11.9472,-75.2829,46.99,88,100,2.66,PE,2022-11-29 07:19:07
129,Xuzhou,34.1805,117.1571,39.79,36,100,15.57,CN,2022-11-29 07:20:07
130,Tianpeng,30.9866,103.9393,57.67,43,100,7.02,CN,2022-11-29 07:20:08
131,Waw,7.7029,27.9953,89.17,36,57,2.39,SS,2022-11-29 07:20:08
132,Shelbyville,35.4834,-86.4603,46.29,93,0,3.44,US,2022-11-29 07:18:18
133,Carnarvon,-24.8667,113.6333,78.64,66,0,17.05,AU,2022-11-29 07:21:09
134,Noumea,-22.2763,166.4572,78.78,85,100,1.61,NC,2022-11-29 07:18:18
135,Ahuimanu,21.4447,-157.8378,72.54,92,20,3.44,US,2022-11-29 07:22:09
136,Marathon,44.9,-89.7668,37.35,91,75,8.05,US,2022-11-29 07:22:10
137,Marawi,7.9986,124.2928,76.62,80,97,6.62,PH,2022-11-29 07:22:10
138,Ilulissat,69.2167,-51.1,28.42,54,75,8.05,GL,2022-11-29 07:23:11
139,Itaueira,-7.6033,-43.0256,71.08,95,100,1.61,BR,2022-11-29 07:23:11
140,Ulladulla,-35.35,150.4667,62.06,60,67,9.86,AU,2022-11-29 07:23:11
141,Nikolskoye,59.7035,30.7861,26.8,95,100,4.25,RU,2022-11-29 07:23:14
142,Chicama,-7.8447,-79.1469,64.94,87,99,2.86,PE,2022-11-29 07:23:14
143,Ouango,4.3133,22.5552,78.66,75,98,1.07,CF,2022-11-29 07:24:15
144,Lebu,-37.6167,-73.65,54.93,89,93,13.82,CL,2022-11-29 07:24:15
145,San Rafael,-34.6177,-68.3301,75.18,41,36,3.53,AR,2022-11-29 07:24:16
146,Fallon,39.4735,-118.7774,34.92,61,100,5.75,US,2022-11-29 07:25:16
147,Barcelona,41.3888,2.159,51.71,77,20,16.11,ES,2022-11-29 07:24:30
148,Faanui,-16.4833,-151.75,79.43,75,4,12.15,PF,2022-11-29 07:24:32
149,Kenora,49.8167,-94.4337,22.17,73,75,13.8,CA,2022-11-29 07:26:17
150,Pisco,-13.7,-76.2167,66.25,88,40,2.3,PE,2022-11-29 07:23:19
151,Sisimiut,66.9395,-53.6735,18.84,70,100,6.64,GL,2022-11-29 07:27:18
152,Salo,45.6086,10.531,44.8,72,100,0.36,IT,2022-11-29 07:28:18
153,Belomorsk,64.5232,34.7668,18.23,97,72,5.48,RU,2022-11-29 07:28:19
154,Hayrabolu,41.2131,27.1069,48.54,82,100,11.43,TR,2022-11-29 07:28:19
155,Bambous Virieux,-20.3428,57.7575,82.65,65,75,14.97,MU,2022-11-29 07:29:19
156,Upata,8.0086,-62.3989,69.85,98,100,2.55,VE,2022-11-29 07:30:20
157,Esperance,-33.8667,121.9,68.14,62,0,20.24,AU,2022-11-29 07:30:20
158,Vao,-22.6667,167.4833,78.82,84,92,14.54,NC,2022-11-29 07:30:21
159,Ormara,25.2088,64.6357,78.87,49,67,5.46,PK,2022-11-29 07:30:21
160,Hofn,64.2539,-15.2082,36.72,75,99,5.77,IS,2022-11-29 07:31:22
161,Juneau,58.3019,-134.4197,24.8,100,75,11.5,US,2022-11-29 07:30:32
162,Bereda,43.2686,-7.5406,45.14,100,99,1.81,ES,2022-11-29 07:31:22
163,Sao Joao Da Barra,-21.6403,-41.0511,72.99,92,98,14.45,BR,2022-11-29 07:31:23
164,Magadi,12.9667,77.2333,84.06,53,36,5.66,IN,2022-11-29 07:28:28
165,Novobirilyussy,56.9514,90.6661,-0.89,85,68,6.15,RU,2022-11-29 07:32:23
166,Nanortalik,60.1432,-45.2371,32.52,99,100,6.8,GL,2022-11-29 07:32:24
167,Shunyi,40.125,116.6453,22.95,15,0,17.9,CN,2022-11-29 07:33:24
168,Araguacu,-12.9306,-49.8264,69.8,97,100,4.52,BR,2022-11-29 07:33:25
169,Dingle,10.9995,122.6711,83.71,76,22,9.62,PH,2022-11-29 07:33:25
170,Askarovo,53.3372,58.5089,-1.25,55,0,6.71,RU,2022-11-29 07:34:26
171,Buala,-8.145,159.5921,80.71,79,100,4.18,SB,2022-11-29 07:34:26
172,Ketchikan,55.3422,-131.6461,30.67,43,100,6.91,US,2022-11-29 07:34:27
173,Pevek,69.7008,170.3133,20.95,82,100,15.55,RU,2022-11-29 07:34:27
174,Svetlyy,54.675,20.1347,35.65,80,69,13.33,RU,2022-11-29 07:34:27
175,Akonolinga,3.7667,12.25,73.85,75,96,2.08,CM,2022-11-29 07:34:28
176,Santa Isabel Do Rio Negro,-0.4139,-65.0192,72.21,96,100,1.88,BR,2022-11-29 07:34:28
177,Soe,-9.8607,124.284,75.02,76,92,4.74,ID,2022-11-29 07:35:29
178,Lana,46.6124,11.1559,41.45,91,100,0.63,IT,2022-11-29 07:35:31
179,East London,-33.0153,27.9116,77.94,57,0,13.8,ZA,2022-11-29 07:35:31
180,Yuncheng,35.0231,110.9928,34.54,18,98,21.45,CN,2022-11-29 07:35:32
181,Willowmore,-33.2926,23.4895,87.26,28,7,12.97,ZA,2022-11-29 07:35:32
182,Provideniya,64.3833,-173.3,21.6,83,100,8.57,RU,2022-11-29 07:38:49
183,Kodiak,57.79,-152.4072,27.91,64,0,20.71,US,2022-11-29 07:38:49
184,Dahuk,36.8695,42.994,61.86,31,100,3.02,IQ,2022-11-29 07:38:49
185,Keti Bandar,24.1447,67.4497,85.15,19,22,9.24,PK,2022-11-29 07:38:51
186,Akdepe,42.0551,59.3788,32.09,48,56,6.82,TM,2022-11-29 07:38:51
187,Geraldton,-28.7667,114.6,95.41,23,3,16.11,AU,2022-11-29 07:38:52
188,Mahon,39.8885,4.2658,54.16,71,40,12.66,ES,2022-11-29 07:38:52
189,Pak Phanang,8.3511,100.202,91.42,69,100,8.05,TH,2022-11-29 07:38:52
190,Florianopolis,-27.6146,-48.5012,69.4,100,75,3.44,BR,2022-11-29 07:38:53
191,Forestville,38.8451,-76.875,41.25,84,0,3.44,US,2022-11-29 07:38:53
192,Hasaki,35.7333,140.8333,68.4,76,98,29.62,JP,2022-11-29 07:38:54
193,Yumen,40.2833,97.2,5.45,60,0,15.35,CN,2022-11-29 07:38:54
194,Constitucion,-35.3333,-72.4167,54.36,79,0,4.34,CL,2022-11-29 07:38:54
195,Zhigansk,66.7697,123.3711,-40.88,98,44,5.23,RU,2022-11-29 07:38:55
196,Skelleftea,64.7507,20.9528,33.01,100,100,3.44,SE,2022-11-29 07:38:55
197,Libreville,0.3925,9.4537,77.02,94,75,4.61,GA,2022-11-29 07:38:55
198,Jiancheng,30.391,104.5491,56.46,47,100,10.63,CN,2022-11-29 07:38:56
199,Warrnambool,-38.3833,142.4833,56.93,72,70,9.55,AU,2022-11-29 07:38:56
200,Port Blair,11.6667,92.75,84.24,79,40,6.91,IN,2022-11-29 07:38:57
201,Porbandar,21.6422,69.6093,85.08,26,6,3.31,IN,2022-11-29 07:38:57
202,Ambulu,-8.345,113.6058,79.57,85,100,3.83,ID,2022-11-29 07:38:57
203,Chuy,-33.6971,-53.4616,63.64,95,2,6.2,UY,2022-11-29 07:38:58
204,Kilindoni,-7.9139,39.6668,80.53,75,12,8.08,TZ,2022-11-29 07:38:58
205,Hobyo,5.3505,48.5268,84.36,57,99,19.57,SO,2022-11-29 07:38:58
206,Lincoln,40.8,-96.667,44.29,70,75,9.22,US,2022-11-29 07:35:05
207,Inhambane,-23.865,35.3833,80.58,50,40,20.71,MZ,2022-11-29 07:38:59
208,Hobart,-42.8794,147.3294,63.27,46,0,17.27,AU,2022-11-29 07:38:58
209,Marsa Matruh,31.3525,27.2453,64.6,68,40,9.22,EG,2022-11-29 07:38:59
210,Honiara,-9.4333,159.95,79.29,84,100,2.46,SB,2022-11-29 07:39:00
211,Los Llanos De Aridane,28.6585,-17.9182,67.12,30,75,11.01,ES,2022-11-29 07:39:00
212,Pochutla,15.7432,-96.4661,72.82,85,100,3.18,MX,2022-11-29 07:39:01
213,Kruisfontein,-34.0033,24.7314,87.89,28,2,6.04,ZA,2022-11-29 07:39:01
214,Arona,28.0996,-16.681,65.39,57,0,6.91,ES,2022-11-29 07:39:01
215,Bangui,4.3612,18.555,77.18,88,75,3.44,CF,2022-11-29 07:39:02
216,Valdivia,-39.8142,-73.2459,44.69,94,35,1.7,CL,2022-11-29 07:39:02
217,Sandnessjoen,66.0217,12.6316,42.91,56,0,8.05,NO,2022-11-29 07:39:03
218,Ganzhou,28.8184,115.4327,53.24,86,100,13.49,CN,2022-11-29 07:39:03
219,Boa Vista,2.8197,-60.6733,73.38,100,75,5.75,BR,2022-11-29 07:39:04
220,Faya,18.3851,42.4509,66.72,29,5,2.17,SA,2022-11-29 07:39:04
221,Clyde River,70.4692,-68.5914,-10.97,84,100,20.71,CA,2022-11-29 07:39:07
222,Liseleje,56.0053,11.9483,41.25,76,100,10.0,DK,2022-11-29 07:39:07
223,Aklavik,68.2191,-135.0107,-24.12,94,79,6.24,CA,2022-11-29 07:39:07
224,Champerico,14.3,-91.9167,76.24,88,100,8.72,GT,2022-11-29 07:39:08
225,Mindelo,16.8901,-24.9804,72.95,73,40,16.11,CV,2022-11-29 07:39:08
226,San Juan,-31.5375,-68.5364,77.52,39,33,1.43,AR,2022-11-29 07:39:09
227,Phalaborwa,-23.943,31.1411,74.48,44,8,8.84,ZA,2022-11-29 07:39:09
228,Aquiraz,-3.9014,-38.3911,80.19,80,100,1.14,BR,2022-11-29 07:39:02
229,Rundu,-17.9333,19.7667,85.57,29,28,9.33,NA,2022-11-29 07:39:10
230,Tura,25.5198,90.2201,78.6,44,0,3.04,IN,2022-11-29 07:39:10
231,Yulara,-25.2406,130.9889,85.42,16,5,7.54,AU,2022-11-29 07:39:10
232,Aloleng,16.1307,119.7824,85.57,71,5,9.22,PH,2022-11-29 07:39:11
233,Voh,-20.9667,164.7,82.27,72,99,5.66,NC,2022-11-29 07:39:11
234,San Cristobal,7.7669,-72.225,64.13,97,100,4.18,VE,2022-11-29 07:39:12
235,Avera,33.194,-82.5271,42.31,73,0,2.48,US,2022-11-29 07:39:12
236,Port Moresby,-9.4431,147.1797,85.42,66,40,11.5,PG,2022-11-29 07:39:12
237,Olinda,-8.0089,-34.8553,76.73,83,100,4.61,BR,2022-11-29 07:36:58
238,Kamaishi,39.2667,141.8833,63.45,82,100,21.25,JP,2022-11-29 07:39:13
239,San Quintin,30.4833,-115.95,56.52,77,10,9.98,MX,2022-11-29 07:39:13
240,Borogontsy,62.6683,131.1683,-46.89,100,87,1.34,RU,2022-11-29 07:39:14
241,Tanete,-3.9443,119.7848,85.24,70,76,8.5,ID,2022-11-29 07:39:14
242,Loukhi,66.0764,33.0381,22.73,97,40,5.93,RU,2022-11-29 07:39:14
243,Copperas Cove,31.1241,-97.9031,66.45,91,100,13.8,US,2022-11-29 07:39:15
244,Monrovia,6.3005,-10.7969,76.42,85,40,2.51,LR,2022-11-29 07:39:15
245,Araouane,18.9048,-3.5265,63.82,21,0,10.65,ML,2022-11-29 07:39:16
246,Grand-Lahou,5.1367,-5.0242,79.77,81,45,6.8,CI,2022-11-29 07:39:16
247,Bilma,18.6853,12.9164,64.99,41,100,11.48,NE,2022-11-29 07:39:16
248,Jalu,29.0331,21.5482,61.5,61,0,4.18,LY,2022-11-29 07:39:17
249,Arraial Do Cabo,-22.9661,-42.0278,73.42,90,100,18.7,BR,2022-11-29 07:39:17
250,Kiruna,67.8557,20.2251,31.12,86,100,16.11,SE,2022-11-29 07:39:18
251,Hollola,61.05,25.4333,30.07,93,100,7.2,FI,2022-11-29 07:39:18
252,Mountain Home,43.133,-115.6912,20.68,79,0,11.5,US,2022-11-29 07:36:16
253,Guerrero Negro,27.9769,-114.0611,59.97,79,0,9.28,MX,2022-11-29 07:39:19
254,Buraydah,26.326,43.975,73.85,18,100,17.72,SA,2022-11-29 07:36:32
255,Rocha,-34.4833,-54.3333,63.1,96,60,6.49,UY,2022-11-29 07:39:19
256,Zhaotong,27.3167,103.7167,60.12,49,18,1.81,CN,2022-11-29 07:39:20
257,Nome,64.5011,-165.4064,8.67,66,0,6.91,US,2022-11-29 07:39:20
258,Penzance,50.1186,-5.5371,47.52,81,20,3.44,GB,2022-11-29 07:35:51
259,Ilhabela,-23.7781,-45.3581,72.63,94,100,3.2,BR,2022-11-29 07:39:21
260,Tenenkou,14.4572,-4.9169,74.84,16,8,8.55,ML,2022-11-29 07:39:21
261,Broken Hill,-31.95,141.4333,73.81,27,0,14.94,AU,2022-11-29 07:39:22
262,Pingliang,35.5392,106.6861,21.54,22,97,14.72,CN,2022-11-29 07:39:22
263,Pimenteiras,-6.2453,-41.4192,70.97,94,100,1.41,BR,2022-11-29 07:39:23
264,Souillac,-20.5167,57.5167,82.78,65,75,14.97,MU,2022-11-29 07:39:23
265,Maha Sarakham,16.3333,103.6667,92.91,54,67,1.52,TH,2022-11-29 07:39:23
266,Vila Velha,-20.3297,-40.2925,73.35,94,75,3.44,BR,2022-11-29 07:39:24
267,Ulaangom,49.9811,92.0667,-5.66,87,65,1.61,MN,2022-11-29 07:37:51
268,Gafanha Da Encarnacao,40.6181,-8.733,42.06,93,100,4.29,PT,2022-11-29 07:39:24
269,Puerto Leguizamo,-0.1934,-74.7819,69.75,97,69,1.01,CO,2022-11-29 07:39:25
270,Guadalupe,25.6833,-100.25,66.76,93,100,4.61,MX,2022-11-29 07:39:27
271,Ust-Tsilma,65.441,52.1498,12.29,97,94,2.86,RU,2022-11-29 07:39:28
272,Zhaoqing,23.0512,112.4597,80.82,71,86,7.61,CN,2022-11-29 07:39:28
273,Tessalit,20.1986,1.0114,71.78,20,28,5.44,ML,2022-11-29 07:39:28
274,Kargil,34.5667,76.1,29.79,23,95,0.56,IN,2022-11-29 07:39:29
275,Dicabisagan,17.0818,122.4157,83.95,73,34,3.36,PH,2022-11-29 07:39:29
276,Pyapon,16.2833,95.6833,85.53,69,98,4.63,MM,2022-11-29 07:39:30
277,Dalbandin,28.8947,64.4101,72.57,17,0,7.87,PK,2022-11-29 07:39:30
278,Acapulco,16.8634,-99.8901,75.02,94,20,0.0,MX,2022-11-29 07:39:30
279,Mtsensk,53.2766,36.5733,26.85,79,100,10.49,RU,2022-11-29 07:39:31
280,Nyurba,63.2842,118.3319,-35.01,100,44,3.76,RU,2022-11-29 07:39:31
281,Qaqortoq,60.7167,-46.0333,32.5,99,100,2.13,GL,2022-11-29 07:39:32
282,Bowen,-20.0167,148.2333,81.82,72,71,5.77,AU,2022-11-29 07:39:32
283,Kendari,-3.945,122.4989,84.02,78,100,0.96,ID,2022-11-29 07:39:32
284,Vanimo,-2.6741,141.3028,82.17,75,86,4.12,PG,2022-11-29 07:39:33
285,Shahrud,36.4182,54.9763,51.75,38,2,3.02,IR,2022-11-29 07:39:33
286,Tugolesskiy Bor,55.5505,39.8242,21.22,77,72,5.75,RU,2022-11-29 07:39:34
287,Lokosovo,61.1333,74.8167,-6.75,96,94,3.65,RU,2022-11-29 07:39:34
288,Maltahohe,-24.8333,16.9833,83.41,17,67,6.76,NA,2022-11-29 07:39:34
289,Njombe,-9.3333,34.7667,70.97,48,49,8.5,TZ,2022-11-29 07:39:35
290,Gambiran,-6.7988,111.4951,82.83,76,100,3.44,ID,2022-11-29 07:39:35
291,Akyab,20.15,92.9,84.25,66,73,8.1,MM,2022-11-29 07:39:35
292,Kerema,-7.9631,145.7785,80.02,84,100,3.58,PG,2022-11-29 07:39:36
293,Voznesenye,61.0106,35.4781,22.12,89,82,5.35,RU,2022-11-29 07:39:36
294,Cockburn Town,21.4612,-71.1419,79.57,75,36,9.75,TC,2022-11-29 07:39:37
295,Juiz De Fora,-21.7642,-43.3503,64.54,98,100,2.28,BR,2022-11-29 07:39:37
296,Kankipadu,16.45,80.7833,84.31,48,40,5.75,IN,2022-11-29 07:39:37
297,Toamasina,-18.1667,49.3833,84.2,61,20,11.5,MG,2022-11-29 07:39:38
298,Hailin,44.5833,129.4167,6.53,71,14,16.53,CN,2022-11-29 07:39:38
299,Ballina,-28.8667,153.5667,75.02,81,31,11.52,AU,2022-11-29 07:39:00
300,Beringovskiy,63.05,179.3167,31.53,92,100,12.08,RU,2022-11-29 07:39:39
301,Tomatlan,19.9333,-105.25,66.81,89,22,2.08,MX,2022-11-29 07:39:39
302,Mount Gambier,-37.8333,140.7667,59.18,62,14,7.29,AU,2022-11-29 07:39:39
303,Te Anau,-45.4167,167.7167,51.46,98,100,3.0,NZ,2022-11-29 07:39:40
304,Adrar,20.5022,-10.0711,58.75,19,0,10.65,MR,2022-11-29 07:39:40
305,Astana,51.1801,71.446,3.15,55,0,4.47,KZ,2022-11-29 07:39:40
306,Norman Wells,65.282,-126.8329,-10.28,98,100,4.07,CA,2022-11-29 07:39:28
307,Krasnyy Kut,50.95,46.9667,26.17,42,2,11.88,RU,2022-11-29 07:39:41
308,Calama,-22.4667,-68.9333,41.49,42,0,14.97,CL,2022-11-29 07:39:41
309,Lasa,46.6166,10.7002,38.28,95,100,1.7,IT,2022-11-29 07:39:42
310,Buckeye,33.3703,-112.5838,53.83,41,75,0.0,US,2022-11-29 07:39:16
311,Kanniyakumari,8.0833,77.5667,83.23,70,65,14.07,IN,2022-11-29 07:39:42
312,Saint Anthony,45.0205,-93.218,33.73,81,0,8.05,US,2022-11-29 07:39:42
313,Robore,-18.3333,-59.75,70.23,48,2,1.43,BO,2022-11-29 07:39:43
314,Roald,62.5833,6.1333,48.33,53,40,3.44,NO,2022-11-29 07:39:43
315,Nishihara,26.1842,127.7558,80.26,83,40,13.8,JP,2022-11-29 07:39:44
316,Saint-Pierre,-21.3393,55.4781,82.9,65,40,12.66,RE,2022-11-29 07:39:46
317,Moose Factory,51.2585,-80.6094,21.18,73,100,4.61,CA,2022-11-29 07:39:46
318,Keningau,5.3378,116.1602,83.98,72,70,1.43,MY,2022-11-29 07:39:47
319,Ancud,-41.8697,-73.8203,54.97,96,61,7.09,CL,2022-11-29 07:39:47
320,Roebourne,-20.7833,117.1333,89.74,43,5,13.73,AU,2022-11-29 07:34:56
321,Isangel,-19.55,169.2667,80.24,85,100,9.28,VU,2022-11-29 07:39:48
322,Moctezuma,29.8,-109.6667,53.06,33,3,4.76,MX,2022-11-29 07:39:48
323,Methoni,36.8197,21.7049,55.22,63,15,7.36,GR,2022-11-29 07:39:48
324,Cape Coast,5.1053,-1.2466,79.93,79,1,5.75,GH,2022-11-29 07:39:49
325,Saint-Joseph,-21.3667,55.6167,79.18,77,100,5.55,RE,2022-11-29 07:39:49
326,Cidreira,-30.1811,-50.2056,69.13,87,18,14.32,BR,2022-11-29 07:39:50
327,Ler,8.3018,30.1418,93.76,31,60,0.74,SS,2022-11-29 07:39:50
328,Adrian,41.8975,-84.0372,40.57,83,100,4.61,US,2022-11-29 07:36:46
329,San Matias,-16.3667,-58.4,73.15,48,0,5.32,BO,2022-11-29 07:39:51
330,Pombia,45.653,8.6336,42.48,93,75,2.3,IT,2022-11-29 07:39:51
331,Vodnyy,63.5046,53.4095,10.47,98,99,3.87,RU,2022-11-29 07:39:51
332,Plaster Rock,46.9065,-67.39,21.72,99,53,2.46,CA,2022-11-29 07:39:52
333,Saint-Louis,16.3333,-15.0,70.47,23,88,9.55,SN,2022-11-29 07:39:52
334,Sinnamary,5.3833,-52.95,76.69,88,100,8.97,GF,2022-11-29 07:39:52
335,Mbandaka,0.0487,18.2603,72.36,90,100,0.38,CD,2022-11-29 07:39:53
336,Moron,-34.6534,-58.6198,76.89,75,12,8.5,AR,2022-11-29 07:39:53
337,Karratha,-20.7377,116.8463,90.03,42,5,16.75,AU,2022-11-29 07:39:54
338,Banda Aceh,5.5577,95.3222,84.25,70,98,3.36,ID,2022-11-29 07:39:54
339,Shirgaon,19.7,72.7,81.63,49,16,8.21,IN,2022-11-29 07:39:15
340,Lujan,-34.5703,-59.105,74.05,74,43,1.01,AR,2022-11-29 07:39:55
341,Kajaani,64.2273,27.7285,28.45,86,100,4.61,FI,2022-11-29 07:39:55
342,Salalah,17.0151,54.0924,82.49,65,0,8.05,OM,2022-11-29 07:39:55
343,Cherskiy,68.75,161.3,5.4,96,100,6.58,RU,2022-11-29 07:39:56
344,Saint-Georges,12.0564,-61.7485,76.68,83,20,5.75,GD,2022-11-29 07:39:56
345,Hithadhoo,-0.6,73.0833,80.92,76,30,10.89,MV,2022-11-29 07:39:56
346,Aruppukkottai,9.5167,78.1,88.23,62,99,9.6,IN,2022-11-29 07:39:57
347,Antibes,43.5624,7.1278,48.67,91,75,4.61,FR,2022-11-29 07:39:57
348,Mattoon,39.4831,-88.3728,42.75,87,20,11.5,US,2022-11-29 07:39:57
349,Half Moon Bay,37.4636,-122.4286,51.31,80,20,14.97,US,2022-11-29 07:39:58
350,Conceicao Do Araguaia,-8.2578,-49.2647,71.13,98,100,3.2,BR,2022-11-29 07:39:58
351,Merauke,-8.4667,140.3333,80.58,81,100,17.27,ID,2022-11-29 07:39:59
352,Balykshi,47.0667,51.8667,24.8,50,0,13.42,KZ,2022-11-29 07:39:59
353,Port-Gentil,-0.7193,8.7815,78.76,94,100,6.91,GA,2022-11-29 07:39:17
354,Rexburg,43.826,-111.7897,17.11,73,0,3.44,US,2022-11-29 07:40:00
355,Luderitz,-26.6481,15.1594,66.06,72,43,8.59,NA,2022-11-29 07:40:00
356,Grindavik,63.8424,-22.4338,39.67,81,75,23.02,IS,2022-11-29 07:40:00
357,Porangatu,-13.4408,-49.1486,67.75,97,96,3.58,BR,2022-11-29 07:40:01
358,Jeremie,18.65,-74.1167,76.21,78,7,3.62,HT,2022-11-29 07:40:01
359,Codrington,-38.2667,141.9667,57.56,72,84,10.89,AU,2022-11-29 07:40:01
360,Hirado,33.3597,129.5531,62.38,92,100,13.87,JP,2022-11-29 07:40:02
361,Gao,16.6362,1.637,75.65,16,95,9.64,ML,2022-11-29 07:40:04
362,Easton,40.6884,-75.2207,37.78,84,0,4.61,US,2022-11-29 07:37:48
363,Chimoio,-19.1164,33.4833,64.2,95,100,7.74,MZ,2022-11-29 07:40:05
364,Galle,6.0367,80.217,81.64,73,100,5.39,LK,2022-11-29 07:40:05
365,Progreso,21.2833,-89.6667,74.1,89,22,9.69,MX,2022-11-29 07:40:06
366,Alvand,36.3187,49.1678,47.03,43,42,4.7,IR,2022-11-29 07:40:06
367,Trat,12.5,102.5,90.91,74,68,1.57,TH,2022-11-29 07:40:06
368,Taltal,-25.4,-70.4833,60.69,87,87,2.21,CL,2022-11-29 07:40:07
369,Vestmannaeyjar,63.4427,-20.2734,42.8,79,100,27.58,IS,2022-11-29 07:40:08
370,Qui Nhon,13.7667,109.2333,81.75,77,7,5.7,VN,2022-11-29 07:40:09
371,Denpasar,-8.65,115.2167,80.26,83,40,5.75,ID,2022-11-29 07:38:40
372,Hamilton,39.1834,-84.5333,46.8,88,100,5.75,US,2022-11-29 07:35:31
373,Mattru,7.6244,-11.8332,73.74,93,26,1.21,SL,2022-11-29 07:40:10
374,Cap Malheureux,-19.9842,57.6142,82.47,63,91,13.0,MU,2022-11-29 07:40:10
375,Portland,45.5234,-122.6762,36.75,91,40,3.0,US,2022-11-29 07:36:37
376,Amahai,-3.3333,128.9167,83.35,76,98,2.26,ID,2022-11-29 07:40:11
377,Umm Kaddadah,13.6017,26.6876,85.87,16,21,8.97,SD,2022-11-29 07:40:11
378,Hobe Sound,27.0595,-80.1364,71.02,71,0,0.0,US,2022-11-29 07:40:11
379,Wolfenbuttel,52.1667,10.55,46.02,81,100,3.44,DE,2022-11-29 07:40:12
380,Mbarara,-0.608,30.65,72.37,72,96,2.13,UG,2022-11-29 07:40:13
381,Hohhot,40.8106,111.6522,5.29,25,0,15.66,CN,2022-11-29 07:40:13
382,Vestby,59.6024,10.7467,38.16,92,100,3.0,NO,2022-11-29 07:40:14
383,Tiksi,71.6872,128.8694,-27.69,99,45,7.09,RU,2022-11-29 07:40:15
384,Leua,48.2156,18.6071,39.49,81,83,5.35,SK,2022-11-29 07:40:15
385,Lagoa,39.05,-27.9833,63.77,89,0,21.56,PT,2022-11-29 07:40:16
386,Ucluelet,48.9329,-125.5528,36.09,78,93,7.4,CA,2022-11-29 07:40:16
387,Ahipara,-35.1667,173.1667,62.28,97,100,8.01,NZ,2022-11-29 07:40:17
388,Fortuna,40.5982,-124.1573,36.52,97,0,4.61,US,2022-11-29 07:40:17
389,Tecoanapa,16.5167,-98.75,74.84,85,94,3.83,MX,2022-11-29 07:40:18
390,Saint-Francois,46.4154,3.9054,42.67,100,100,3.44,FR,2022-11-29 07:40:18
391,Kimberley,-28.7323,24.7623,74.89,57,0,17.27,ZA,2022-11-29 07:40:19
392,Healdsburg,38.6105,-122.8692,46.17,77,0,5.99,US,2022-11-29 07:40:05
393,Cao Bang,22.6667,106.25,84.74,70,45,7.11,VN,2022-11-29 07:40:19
394,Sakhipur,24.3,90.1833,83.37,37,1,4.7,BD,2022-11-29 07:40:20
395,Bilibino,68.0546,166.4372,14.02,90,100,4.45,RU,2022-11-29 07:40:20
396,Alofi,-19.0595,-169.9187,76.89,78,100,10.36,NU,2022-11-29 07:40:21
397,Palu,-0.8917,119.8707,84.33,77,86,3.65,ID,2022-11-29 07:40:21
398,Derzhavinsk,51.1,66.3167,10.27,72,100,13.78,KZ,2022-11-29 07:40:22
399,Prince Rupert,54.3161,-130.3201,31.69,51,100,17.27,CA,2022-11-29 07:39:06
400,Edd,13.9297,41.6925,90.73,31,0,16.17,ER,2022-11-29 07:40:22
401,Natchez,31.5604,-91.4032,57.42,88,40,10.36,US,2022-11-29 07:37:56
402,Saurimo,-9.6608,20.3916,66.56,94,100,3.62,AO,2022-11-29 07:40:23
403,Panama City,8.9936,-79.5197,77.16,89,100,4.61,PA,2022-11-29 07:35:37
404,North Bend,43.4065,-124.2243,39.16,99,100,8.05,US,2022-11-29 07:40:23
405,Vaxjo,56.8777,14.8091,39.25,93,75,4.61,SE,2022-11-29 07:39:11
406,Paamiut,61.994,-49.6678,30.9,87,100,19.51,GL,2022-11-29 07:40:24
407,Karaidel,55.8337,56.9069,14.22,78,95,1.54,RU,2022-11-29 07:40:24
408,Vestmanna,62.1564,-7.1664,41.92,93,75,5.75,FO,2022-11-29 07:40:27
409,Alta Floresta,-9.8756,-56.0861,68.49,99,100,3.36,BR,2022-11-29 07:40:27
410,Oxelosund,58.6706,17.1015,35.98,93,75,6.91,SE,2022-11-29 07:40:27
411,Zvishavane,-20.3267,30.0665,63.48,84,100,10.27,ZW,2022-11-29 07:40:28
412,Rio Grande,-32.035,-52.0986,67.95,83,0,15.14,BR,2022-11-29 07:40:28
413,Banamba,13.55,-7.45,72.23,17,72,7.07,ML,2022-11-29 07:40:29
414,Leshukonskoye,64.8989,45.7622,23.86,96,100,5.23,RU,2022-11-29 07:40:29
415,Kvarkeno,52.0833,59.725,10.31,79,6,10.22,RU,2022-11-29 07:40:29
416,Amudat,1.95,34.95,82.04,38,64,14.7,UG,2022-11-29 07:40:30
417,Zhigalovo,54.8097,105.1578,0.7,88,100,10.85,RU,2022-11-29 07:40:30
418,Minas,-34.3759,-55.2377,64.18,89,55,12.62,UY,2022-11-29 07:40:31
419,Nuevo Progreso,23.1667,-97.95,71.47,92,59,6.89,MX,2022-11-29 07:40:31
420,Labuhan,-6.8844,112.2051,81.72,78,100,3.76,ID,2022-11-29 07:40:31
421,Honnali,14.25,75.6667,85.95,44,34,6.6,IN,2022-11-29 07:40:32
422,Deputatskiy,69.3,139.9,-20.72,96,100,1.32,RU,2022-11-29 07:40:32
423,Hatod,22.8,75.7333,80.92,34,34,3.44,IN,2022-11-29 07:40:32
424,La Ronge,55.1001,-105.2842,16.05,79,100,19.57,CA,2022-11-29 07:40:33
425,Odienne,9.51,-7.5692,72.12,38,6,1.19,CI,2022-11-29 07:40:33
426,Berbera,10.4396,45.0143,82.67,56,88,10.74,SO,2022-11-29 07:40:34
427,Pimentel,-6.8367,-79.9342,65.16,88,100,7.14,PE,2022-11-29 07:40:34
428,San Francisco,37.7749,-122.4194,51.39,75,20,24.0,US,2022-11-29 07:35:41
429,Axim,4.8699,-2.2405,80.58,78,16,5.55,GH,2022-11-29 07:40:34
430,Bardiyah,31.7561,25.0865,64.08,66,4,7.63,LY,2022-11-29 07:40:35
431,Huescar,37.811,-2.5412,35.26,62,5,1.9,ES,2022-11-29 07:40:35
432,Calvinia,-31.4707,19.776,88.16,12,1,6.35,ZA,2022-11-29 07:40:35
433,Newport,51.5877,-2.9984,43.34,81,0,3.49,GB,2022-11-29 07:40:36
434,Zeya,53.75,127.2667,-8.72,84,100,5.41,RU,2022-11-29 07:40:36
435,Luorong,24.4058,109.6086,66.81,83,95,12.01,CN,2022-11-29 07:40:37
436,Masty,53.4122,24.5387,32.11,93,100,10.11,BY,2022-11-29 07:40:37
437,Valparaiso,-33.0393,-71.6273,60.44,82,100,3.44,CL,2022-11-29 07:40:37
438,Komsomolskiy,40.4272,71.7189,47.12,81,100,6.91,UZ,2022-11-29 07:40:38
439,Gravdal,68.1214,13.5031,42.69,70,75,10.36,NO,2022-11-29 07:40:38
440,Port Talbot,51.5924,-3.7802,48.13,94,9,2.84,GB,2022-11-29 07:40:38
441,Severnoye,56.3491,78.3619,-3.06,83,59,6.22,RU,2022-11-29 07:40:39
442,Flinders,-34.5833,150.8552,66.38,65,48,10.92,AU,2022-11-29 07:40:39
443,Dagua,3.6569,-76.6886,66.7,96,100,2.08,CO,2022-11-29 07:40:40
444,Zemio,5.0314,25.1361,84.25,54,86,0.76,CF,2022-11-29 07:40:40
445,Margate,51.3813,1.3862,47.7,96,30,5.01,GB,2022-11-29 07:40:40
446,Montrose,38.4166,-108.2673,31.57,70,89,20.42,US,2022-11-29 07:39:31
447,Basco,20.4487,121.9702,81.36,84,33,14.18,PH,2022-11-29 07:40:41
448,Bairiki,1.3292,172.9752,82.4,83,20,5.75,KI,2022-11-29 07:40:41
449,Bonthe,7.5264,-12.505,76.51,85,15,2.55,SL,2022-11-29 07:40:42
450,Behshahr,36.6923,53.5526,58.95,56,6,9.71,IR,2022-11-29 07:40:42
451,Dasoguz,41.8363,59.9666,31.95,55,0,9.22,TM,2022-11-29 07:40:43
452,Benghazi,32.1167,20.0667,62.87,65,100,9.91,LY,2022-11-29 07:40:43
453,Bandarbeyla,9.4942,50.8122,81.59,60,34,16.89,SO,2022-11-29 07:40:45
454,Bocas Del Toro,9.3333,-82.25,76.15,85,100,3.15,PA,2022-11-29 07:40:46
455,Bafra,41.5678,35.9069,59.72,61,99,6.6,TR,2022-11-29 07:40:46
456,Chapais,49.7834,-74.8492,13.78,98,100,0.81,CA,2022-11-29 07:36:57
457,Coquimbo,-29.9533,-71.3436,60.53,94,100,6.91,CL,2022-11-29 07:40:47
458,Bulaevo,54.9056,70.4439,4.93,74,100,8.43,KZ,2022-11-29 07:40:47
459,Marsh Harbour,26.5412,-77.0636,76.93,75,12,10.63,BS,2022-11-29 07:37:14
460,Mawlaik,23.6333,94.4167,87.13,44,4,2.59,MM,2022-11-29 07:40:48
461,La Romana,18.4273,-68.9728,72.66,88,5,9.78,DO,2022-11-29 07:40:48
462,Qingyuan,23.7,113.0333,84.18,72,92,5.3,CN,2022-11-29 07:40:49
463,Hastings,50.8552,0.5729,46.33,99,8,8.99,GB,2022-11-29 07:40:49
464,Whitehorse,60.7161,-135.0538,2.8,77,100,9.22,CA,2022-11-29 07:40:49
465,Jaque,7.5175,-78.1703,74.93,94,100,6.44,PA,2022-11-29 07:40:50
466,Arrecife,28.963,-13.5477,66.18,77,20,6.91,ES,2022-11-29 07:40:50
467,Kapoeta,4.7717,33.5903,89.46,35,44,19.93,SS,2022-11-29 07:40:50
468,Bentiu,9.2333,29.8333,92.64,27,59,4.99,SS,2022-11-29 07:40:51
469,Jiangkou,25.4872,119.1986,77.29,81,36,7.27,CN,2022-11-29 07:40:51
470,Nadym,65.5333,72.5167,8.83,87,100,7.63,RU,2022-11-29 07:39:24
471,Varkaus,62.3153,27.873,27.3,90,100,5.64,FI,2022-11-29 07:40:52
472,Nikolsk,53.7189,46.0712,21.31,82,20,6.91,RU,2022-11-29 07:40:52
473,Ostrovnoy,68.0531,39.5131,31.77,87,100,6.44,RU,2022-11-29 07:40:52
474,Greenwood,34.1668,-82.1165,44.96,93,0,0.0,US,2022-11-29 07:40:53
475,Ati,13.2154,18.3353,78.69,17,98,9.53,TD,2022-11-29 07:40:53
476,Nuuk,64.1835,-51.7216,32.61,80,89,27.2,GL,2022-11-29 07:40:53
477,Almeirim,-1.5233,-52.5817,72.45,96,100,2.89,BR,2022-11-29 07:40:54
478,Siirt,37.9326,41.9403,42.94,87,0,1.14,TR,2022-11-29 07:40:54
479,Dorna,47.35,25.4333,31.44,82,30,1.86,RO,2022-11-29 07:40:54
480,Sangar,63.9242,127.4739,-34.73,99,99,2.71,RU,2022-11-29 07:40:55
481,Nanning,22.8167,108.3167,84.65,70,45,13.0,CN,2022-11-29 07:40:55
482,Matagami,49.7502,-77.6328,14.11,92,0,0.0,CA,2022-11-29 07:40:56
483,Thunder Bay,48.4001,-89.3168,35.51,80,100,1.14,CA,2022-11-29 07:40:56
484,Henties Bay,-22.116,14.2845,63.41,66,100,5.41,NA,2022-11-29 07:40:56
485,Sibolga,1.7427,98.7792,81.48,76,100,4.43,ID,2022-11-29 07:40:57
486,Chernyshevsk,52.5243,117.0174,-15.47,78,4,5.59,RU,2022-11-29 07:40:57
487,Bengkulu,-3.8004,102.2655,83.21,73,100,7.92,ID,2022-11-29 07:40:57
488,Hualmay,-11.0964,-77.6139,66.72,82,51,4.36,PE,2022-11-29 07:40:58
489,Cassilandia,-19.1133,-51.7342,66.22,88,9,0.78,BR,2022-11-29 07:40:58
490,Manta,-0.95,-80.7333,73.18,83,75,9.22,EC,2022-11-29 07:40:58
491,Daru,-9.0763,143.2092,80.1,85,100,4.61,PG,2022-11-29 07:40:59
492,Zyryanka,65.75,150.85,-17.39,98,100,13.02,RU,2022-11-29 07:40:59
493,Minab,27.1467,57.0801,89.92,12,0,4.61,IR,2022-11-29 07:40:59
494,Nenton,15.8,-91.75,66.38,93,95,2.37,GT,2022-11-29 07:41:00
495,Srednekolymsk,67.45,153.6833,-12.08,99,100,8.77,RU,2022-11-29 07:41:00
496,Manokwari,-0.8667,134.0833,79.45,85,100,11.65,ID,2022-11-29 07:41:01
497,Tukrah,32.5341,20.5791,63.79,67,100,6.89,LY,2022-11-29 07:41:01
498,Sorong,-0.8833,131.25,81.97,77,100,8.59,ID,2022-11-29 07:41:04
499,Manicore,-5.8092,-61.3003,72.32,95,98,2.53,BR,2022-11-29 07:41:04
500,Teahupoo,-17.8333,-149.2667,72.54,79,15,12.37,PF,2022-11-29 07:41:04
501,Ust-Maya,60.4167,134.5333,-42.97,100,100,0.49,RU,2022-11-29 07:41:05
502,Kumi,36.1136,128.336,56.88,44,100,11.92,KR,2022-11-29 07:41:05
503,Nhulunbuy,-12.2333,136.7667,79.41,94,100,5.75,AU,2022-11-29 07:41:06
504,Arawa,-6.2132,155.5367,79.02,88,92,2.62,PG,2022-11-29 07:41:06
505,Carutapera,-1.195,-46.02,77.2,84,100,5.44,BR,2022-11-29 07:41:06
506,Sandpoint,48.2766,-116.5533,23.41,84,100,12.66,US,2022-11-29 07:39:51
507,Miranda,3.2499,-76.2281,64.53,91,100,1.79,CO,2022-11-29 07:41:07
508,Aswan,24.0934,32.907,69.1,30,0,3.44,EG,2022-11-29 07:41:07
509,Port Hardy,50.6996,-127.4199,30.38,80,75,5.75,CA,2022-11-29 07:41:08
510,West Bay,19.3667,-81.4167,81.0,81,100,1.01,KY,2022-11-29 07:39:32
511,Newton,42.337,-71.2092,36.95,75,0,11.5,US,2022-11-29 07:40:34
512,Lumeje,-11.55,20.7833,75.04,67,100,5.12,AO,2022-11-29 07:41:09
513,Orlik,52.5178,99.825,-9.09,77,92,3.49,RU,2022-11-29 07:41:09
514,Rosario Oeste,-14.8361,-56.4275,71.31,50,0,3.83,BR,2022-11-29 07:41:10
515,Nizwa,22.9333,57.5333,84.56,24,0,5.44,OM,2022-11-29 07:41:10
516,Kirakira,-10.4544,161.9205,78.66,83,100,2.46,SB,2022-11-29 07:41:10
517,Rwamagana,-1.9487,30.4347,69.24,71,96,2.28,RW,2022-11-29 07:41:11
518,Iquique,-20.2208,-70.1431,66.24,79,27,1.52,CL,2022-11-29 07:38:31
519,Anloga,5.7947,0.8973,81.68,73,48,6.38,GH,2022-11-29 07:41:12
520,Devonport,-41.1667,146.35,63.09,50,60,11.18,AU,2022-11-29 07:41:12
521,Constantine,36.365,6.6147,49.41,76,75,25.32,DZ,2022-11-29 07:41:12
522,Meridian,43.6121,-116.3915,25.52,85,6,0.0,US,2022-11-29 07:39:55
523,Dauphin,51.1494,-100.0502,24.94,96,100,4.61,CA,2022-11-29 07:41:13
524,Xining,36.6167,101.7667,21.81,37,1,9.62,CN,2022-11-29 07:41:13
525,Matamoros,25.5333,-103.25,64.11,27,0,4.29,MX,2022-11-29 07:40:42
526,Vostok,46.4856,135.8833,9.93,88,100,14.7,RU,2022-11-29 07:41:15
527,Fort Morgan,40.2503,-103.8,26.02,93,100,16.11,US,2022-11-29 07:41:15
528,Morogoro,-6.8167,37.6667,82.58,61,20,11.5,TZ,2022-11-29 07:41:16
529,Sheridan,44.8333,-106.9173,16.18,67,100,8.05,US,2022-11-29 07:41:16
530,Parfenyevo,58.484,43.4088,13.87,82,100,2.73,RU,2022-11-29 07:41:17
531,Lerwick,60.1545,-1.1494,46.4,82,2,9.33,GB,2022-11-29 07:41:17
532,Marihatag,8.7936,126.2969,80.92,87,98,8.41,PH,2022-11-29 07:41:17
533,Ugoofaaru,5.6667,73.0,81.0,71,87,1.97,MV,2022-11-29 07:41:18
534,Tshikapa,-6.4167,20.8,77.0,78,96,1.7,CD,2022-11-29 07:41:18
535,Tobermory,45.2501,-81.6665,38.12,71,100,12.57,CA,2022-11-29 07:41:19
536,Palmer,42.1584,-72.3287,33.55,78,0,0.0,US,2022-11-29 07:39:34
